university,database_name,guide_url,,,,
UConn,ABC-CLIO eBooks,https://guides.lib.uconn.edu/abcclio,,,,
UConn,ABI/INFORM Collection,https://guides.lib.uconn.edu/abiinform,,,,
UConn,Academic Search Premier,https://guides.lib.uconn.edu/academicsearch,,,,
UConn,Academic Video Online,https://guides.lib.uconn.edu/avon,,,,
UConn,AccessAnesthesiology,https://guides.lib.uconn.edu/AccessAnesthesiology,,,,
UConn,AccessEmergencyMedicine,https://guides.lib.uconn.edu/AccessEmergencyMedicine,,,,
UConn,History Commons,https://guides.lib.uconn.edu/HistoryCommons,,,,
UConn,AccessMedicine,https://guides.lib.uconn.edu/accessmed,,,,
UConn,AccessPediatrics,https://guides.lib.uconn.edu/accesspediatrics,,,,
UConn,AccessPharmacy,https://guides.lib.uconn.edu/accesspharmacy,,,,
UConn,AccessPhysiotherapy,https://guides.lib.uconn.edu/AccessPhysiotherapy,,,,
UConn,AccessSurgery,https://guides.lib.uconn.edu/AccessSurgery,,,,
UConn,Acland's Anatomy Video Atlas of Human Anatomy - Head and Neck,https://guides.lib.uconn.edu/Acland,,,,
UConn,ACM Digital Library,https://guides.lib.uconn.edu/acm,,,,
UConn,ACS Publications - Journals,https://guides.lib.uconn.edu/ACSJournals,,,,
UConn,Africa and the New Imperialism,https://guides.lib.uconn.edu/africaimperial,,,,
UConn,African American Communities,https://guides.lib.uconn.edu/aac,,,,
UConn,African American Historical Newspapers,https://guides.lib.uconn.edu/AfricanAmericanHistNews,,,,
UConn,African American Historical Serials Collection,https://guides.lib.uconn.edu/AfricanAmericanHistoricalSerials,,,,
UConn,African American Newspapers,https://guides.lib.uconn.edu/AfricanAmericanNews,,,,
UConn,African American Studies Center,https://guides.lib.uconn.edu/oxfordafricanam,,,,
UConn,AgEcon Search,https://guides.lib.uconn.edu/AgEconSearch,,,,
UConn,Agricola,https://guides.lib.uconn.edu/agricola,,,,
UConn,AGRIS : Agricultural Science and Technology Information,https://guides.lib.uconn.edu/agris,,,,
UConn,Alexander Street Press Film Platform,https://guides.lib.uconn.edu/ASP,,,,
UConn,Alternative Press Index,https://guides.lib.uconn.edu/APIndex,,,,
UConn,America: History and Life,https://guides.lib.uconn.edu/AHL,,,,
UConn,America's Historical Imprints,https://guides.lib.uconn.edu/AHI,,,,
UConn,American Antiquarian Society (AAS) Historical Periodicals Collection (EBSCO),https://guides.lib.uconn.edu/AASHistPeriodicalsEBSCO,,,,
UConn,American Antiquarian Society (AAS) Historical Periodicals Collection (Gale),https://guides.lib.uconn.edu/AASHistPeriodicalsGALE,,,,
UConn,American Civil Liberties Union Papers,https://guides.lib.uconn.edu/ACLU,,,,
UConn,American County Histories,https://guides.lib.uconn.edu/AmericanCountyHistories,,,,
UConn,"American Drama, 1714-1915",https://guides.lib.uconn.edu/amfic1714-1915,,,,
UConn,American Fiction,https://guides.lib.uconn.edu/amfic1774-1920,,,,
UConn,American National Biography Online,https://guides.lib.uconn.edu/ambo,,,,
UConn,American Periodicals,https://guides.lib.uconn.edu/APSeries,,,,
UConn,American Periodicals from the Center for Research Libraries,https://guides.lib.uconn.edu/APCRL,,,,
UConn,"American Prison Newspapers, 1800-2020",https://guides.lib.uconn.edu/AmPrisonNewspapers,,,,
UConn,"Annee philologique, L'",https://guides.lib.uconn.edu/AnneeAphilologique,,,,
UConn,Annual Reviews,https://guides.lib.uconn.edu/annualreviews,,,,
UConn,Anthropology Plus,https://guides.lib.uconn.edu/AnthroPlus,,,,
UConn,AnthroSource,https://guides.lib.uconn.edu/AnthroSource,,,,
UConn,AP Images on EBSCO (Updated Monthly),https://guides.lib.uconn.edu/apimagesonebsco,,,,
UConn,AP Newsroom (Updated Daily),https://guides.lib.uconn.edu/APImages,,,,
UConn,Archive Finder,https://guides.lib.uconn.edu/archivefinder,,,,
UConn,Archives of Latin American and Caribbean History: Sixteenth to the Twentieth-Century,https://guides.lib.uconn.edu/ArchLatin,,,,
UConn,Archives of Sexuality & Gender,https://guides.lib.uconn.edu/lgbtqarchives,,,,
UConn,Archives Unbound,https://guides.lib.uconn.edu/ArchivesUnbound,,,,
UConn,Art Abstracts & Art Index Retrospective,https://guides.lib.uconn.edu/arttsabstracts,,,,
UConn,Art and Architecture Archives,https://ezproxy.lib.uconn.edu/login?url=https://www.proquest.com/artarchitecture/advanced,,,,
UConn,Arte Publico Hispanic Historical Collection: Series 1,https://guides.lib.uconn.edu/ArtePublicoI,,,,
UConn,Arte Publico Hispanic Historical Collection: Series 2,https://guides.lib.uconn.edu/artepublico2,,,,
UConn,ARTFL Project,https://guides.lib.uconn.edu/artflproj,,,,
UConn,Artforum Archive,https://ezproxy.lib.uconn.edu/login?url=https://www.proquest.com/artforum/advanced,,,,
UConn,ASTM Standards & Engineering Digital Library,https://guides.lib.uconn.edu/astm,,,,
UConn,Astrophysics Data System,https://guides.lib.uconn.edu/ADS,,,,
UConn,Atlanta Daily World,https://guides.lib.uconn.edu/AtlantaDaily,,,,
UConn,Audit Analytics,https://guides.lib.uconn.edu/audit,,,,
UConn,Avery Index to Architectural Periodicals,https://guides.lib.uconn.edu/averyindex,,,,
UConn,Baltimore Afro-American,https://guides.lib.uconn.edu/baltimoreafroamerican,,,,
UConn,BBC Shakespeare Plays,https://guides.lib.uconn.edu/BBCPlaysVideo,,,,
UConn,Berman Jewish DataBank,https://guides.lib.uconn.edu/jewishdatabank,,,,
UConn,Bibliography of the History of Art,https://guides.lib.uconn.edu/BHA,,,,
UConn,BioCyc Pathway/Genome Databases,https://guides.lib.uconn.edu/biocyc,,,,
UConn,Biodiversity Heritage Library,https://www.biodiversitylibrary.org/,,,,
UConn,Biography Reference Bank,https://guides.lib.uconn.edu/BRB,,,,
UConn,BioOne Complete,https://guides.lib.uconn.edu/BOC,,,,
UConn,BIOSIS Citation Index,https://guides.lib.uconn.edu/biosis,,,,
UConn,Birds of the World,https://guides.lib.uconn.edu/birdsoftheworld,,,,
UConn,Bizminer,https://guides.lib.uconn.edu/bizminer,,,,
UConn,Black Thought & Culture,https://guides.lib.uconn.edu/bltc,,,,
UConn,Bloomsbury Medieval Studies,https://guides.lib.uconn.edu/BloomMedievalStud,,,,
UConn,Boston Globe (Proquest Historical Newspapers),https://guides.lib.uconn.edu/BostonGlobeHist,,,,
UConn,Brain Map,https://guides.lib.uconn.edu/BrainMapsMorg,,,,
UConn,British Library Newspapers,https://guides.lib.uconn.edu/britishlibrarynewspapers,,,,
UConn,British Periodicals,https://guides.lib.uconn.edu/EBP,,,,
UConn,BroadwayHD Collection,https://guides.lib.uconn.edu/broadwayhd,,,,
UConn,Browzine Library,https://guides.lib.uconn.edu/browzine,,,,
UConn,Burlington Free Press Historical Newspaper,https://guides.lib.uconn.edu/burlingtonfee,,,,
UConn,Burney Newspapers Collection,https://guides.lib.uconn.edu/BurneyColl,,,,
UConn,Business Source Complete,https://guides.lib.uconn.edu/BSComplete,,,,
UConn,CAB Abstracts,https://guides.lib.uconn.edu/CAB,,,,
UConn,Cambridge Companions,https://guides.lib.uconn.edu/CambridgeComp,,,,
UConn,Cambridge Companions to Literature and Classics,https://guides.lib.uconn.edu/CCLC,,,,
UConn,Cambridge Companions to Music,https://guides.lib.uconn.edu/CCM,,,,
UConn,"Cambridge Companions to Philosophy, Religion, and Culture",https://guides.lib.uconn.edu/CCPRC,,,,
UConn,Cambridge Core,https://guides.lib.uconn.edu/cco,,,,
UConn,Cambridge Histories Online,https://guides.lib.uconn.edu/cho,,,,
UConn,Catalog of U.S. Government Publications (CGP),https://guides.lib.uconn.edu/CGP,,,,
UConn,Center for Research Libraries Newspaper Collections,https://guides.lib.uconn.edu/CRLNewsColl,,,,
UConn,Chicago Manual of Style Online,https://guides.lib.uconn.edu/CMOS,,,,
UConn,Children's Literature & Culture (Gale),https://guides.lib.uconn.edu/childrenslitculture,,,,
UConn,Children's Literature and Culture (Adam Matthew),https://guides.lib.uconn.edu/ChildrenLitCulture,,,,
UConn,Chinese Newspapers Collection,https://guides.lib.uconn.edu/ChineseNewsColl,,,,
UConn,Chronicle of Higher Education,https://guides.lib.uconn.edu/ChronicleHigherEd,,,,
UConn,Churchill Archive,https://guides.lib.uconn.edu/churchillarchive,,,,
UConn,CINAHL Plus with Full Text,https://guides.lib.uconn.edu/CINAHL,,,,
UConn,Civil War Collection VI : Northeast Regimental Histories,https://guides.lib.uconn.edu/CivilWarCollection,,,,
UConn,Civil War Era,https://guides.lib.uconn.edu/amcivilwarera,,,,
UConn,Classical Scores Library,https://guides.lib.uconn.edu/ClassicalScores,,,,
UConn,Cochrane Database of Systematic Reviews,https://guides.lib.uconn.edu/CochraneSystemic,,,,
UConn,Cochrane Library,https://guides.lib.uconn.edu/CochraLibrary,,,,
UConn,Colonial Connecticut Records (1636-1776),https://guides.lib.uconn.edu/colonialct,,,,
UConn,Colonial State Papers,https://guides.lib.uconn.edu/colonialstate,,,,
UConn,Columbia International Affairs Online (CIAO),https://guides.lib.uconn.edu/CIAO,,,,
UConn,Communication & Mass Media Complete,https://guides.lib.uconn.edu/CommMAssComplete,,,,
UConn,Compendex,https://guides.lib.uconn.edu/compendex,,,,
UConn,Computer Source,https://guides.lib.uconn.edu/ComputerSource,,,,
UConn,Congress.gov,https://guides.lib.uconn.edu/CongressGov,,,,
UConn,Connecticut Artists Project,https://guides.lib.uconn.edu/ctartists,,,,
UConn,Connecticut Digital Archive,https://guides.lib.uconn.edu/ctda,,,,
UConn,ConsumerLab.com,https://guides.lib.uconn.edu/consumerlab,,,,
UConn,CQ Congress Collection,https://guides.lib.uconn.edu/CQonCollection,,,,
UConn,CQ Electronic Library,https://guides.lib.uconn.edu/CQleLibrary,,,,
UConn,CQ Researcher,https://guides.lib.uconn.edu/CQResearcher,,,,
UConn,CRC Handbook of Chemistry and Physics,https://guides.lib.uconn.edu/CRCHandbookChemandPhys,,,,
UConn,Current Index to Statistics,https://guides.lib.uconn.edu/CIS,,,,
UConn,"Daily Mail, 1896-2016",https://guides.lib.uconn.edu/DailyMail,,,,
UConn,Decolonization: Politics and Independence in Former Colonial and Commonwealth Terrioties,https://guides.lib.uconn.edu/decolonization,,,,
UConn,Defining Gender,https://guides.lib.uconn.edu/DefiningGender,,,,
UConn,Dictionary of American Regional English,https://guides.lib.uconn.edu/DicAmRegEnglish,,,,
UConn,Dictionary of Irish Biography,https://guides.lib.uconn.edu/CDictIrishBio,,,,
UConn,Dictionary of Literary Biography,https://guides.lib.uconn.edu/dlb,,,,
UConn,Dictionary of Medieval Latin from British Sources Online,https://guides.lib.uconn.edu/DictionaryMedievalLatin,,,,
UConn,Dictionary of Old English Web Corpus,https://guides.lib.uconn.edu/DictOldEngWebCorpus,,,,
UConn,Digital Commons @ UConn,https://guides.lib.uconn.edu/opencommonsuconn,,,,
UConn,Digital National Security Archive,https://guides.lib.uconn.edu/DNSALAC,,,,
UConn,Digitalia Hispanica,https://guides.lib.uconn.edu/spanishdigitalia,,,,
UConn,Disability in the Modern World,https://guides.lib.uconn.edu/disabilitymodworld,,,,
UConn,DiscoverGov,https://guides.lib.uconn.edu/DiscoverGov,,,,
UConn,DOAJ: Directory of Open Access Journals,https://guides.lib.uconn.edu/DOAJ,,,,
UConn,Documenta Catholica Omnia,https://guides.lib.uconn.edu/dco,,,,
UConn,Docuseek2 Complete Collection,https://guides.lib.uconn.edu/Docuseek,,,,
UConn,DynaMed,https://guides.lib.uconn.edu/DynaMedplus,,,,
UConn,E&E News,https://guides.lib.uconn.edu/EandE,,,,
UConn,"Early American Imprints, Series I: Evans",https://guides.lib.uconn.edu/evans,,,,
UConn,"Early American Imprints, Series II: Shaw-Shoemaker",https://guides.lib.uconn.edu/shaw,,,,
UConn,Early American Newspapers (1690-1922),https://guides.lib.uconn.edu/earlyamericannews,,,,
UConn,Early Arabic Printed Books from the British Library,https://guides.lib.uconn.edu/earlyarabicbooks,,,,
UConn,Early English Books Online (Proquest),https://guides.lib.uconn.edu/EarlyEnglish,,,,
UConn,Early English Books Online (Univ. of Michigan),https://guides.lib.uconn.edu/eebomich,,,,
UConn,Early European Books,https://guides.lib.uconn.edu/EarlyEuropeanBooks,,,,
UConn,"Earth, Atmospheric & Aquatic Science Collection",https://guides.lib.uconn.edu/earthatmosphericaquatic,,,,
UConn,EconLit,https://guides.lib.uconn.edu/EconLit,,,,
UConn,ECRI Guidelines Trust,https://guides.lib.uconn.edu/ecri,,,,
UConn,EDGAR (SEC Filings & Forms),https://guides.lib.uconn.edu/EDGAR,,,,
UConn,Education Databases Cluster,https://guides.lib.uconn.edu/educluster,,,,
UConn,Education Research Index,https://guides.lib.uconn.edu/ERI,,,,
UConn,Eighteenth Century Collections Online,https://guides.lib.uconn.edu/ecconline,,,,
UConn,Elgar Online,https://guides.lib.uconn.edu/elgar,,,,
UConn,Embase,https://guides.lib.uconn.edu/embase,,,,
UConn,Encyclopaedia Judaica,https://guides.lib.uconn.edu/encyclopediajudaica,,,,
UConn,Encyclopedia of Education,https://guides.lib.uconn.edu/EncyEducation,,,,
UConn,Encyclopedia of Human Rights,https://guides.lib.uconn.edu/EncyHumanRights,,,,
UConn,Encyclopedia of the Bible and Its Reception,https://guides.lib.uconn.edu/encyclopediabible,,,,
UConn,Engineering Village,https://guides.lib.uconn.edu/EngineeringVillage,,,,
UConn,English Drama,https://guides.lib.uconn.edu/englishdrama,,,,
UConn,Environmental Issues Online,https://guides.lib.uconn.edu/environmentissues,,,,
UConn,ERIC (EBSCO),https://guides.lib.uconn.edu/ERIC_EBSCO,,,,
UConn,ERIC (Institute of Education Science),https://guides.lib.uconn.edu/ERICfree,,,,
UConn,ERIC (ProQuest),https://guides.lib.uconn.edu/ERIC_Proquest,,,,
UConn,Essential Evidence Plus,https://guides.lib.uconn.edu/EEP,,,,
UConn,Ethnographic Video Online,https://guides.lib.uconn.edu/EthnoVideo,,,,
UConn,Ethnomusicology Global Field Recordings,https://ezproxy.lib.uconn.edu/login?url=https://www.ethnomusicology.amdigital.co.uk/,,,,
UConn,European Views of the Americas: 1493 to 1750,https://guides.lib.uconn.edu/EuroViewsAmericas,,,,
UConn,Explore Census Data (Advanced Search),https://guides.lib.uconn.edu/censusdata,,,,
UConn,Explore Census Data (Simple Search),https://guides.lib.uconn.edu/CenStats,,,,
UConn,Factiva,https://guides.lib.uconn.edu/factiva,,,,
UConn,Federal Register (GovInfo),https://guides.lib.uconn.edu/fedregister,,,,
UConn,Federal Science Libraries Network,https://guides.lib.uconn.edu/DFO,,,,
UConn,Film & Television Literature Index,https://guides.lib.uconn.edu/FTLI,,,,
UConn,Film Platform Collection,https://guides.lib.uconn.edu/filmplatform,,,,
UConn,Films on Demand,https://guides.lib.uconn.edu/filmsondemand,,,,
UConn,First Research,https://guides.lib.uconn.edu/FirstResearch,,,,
UConn,First World War Poetry Digital Archive,https://guides.lib.uconn.edu/FirstWorldWarPoetry,,,,
UConn,Food and Nutrition Information Center,https://guides.lib.uconn.edu/DSGIR,,,,
UConn,Fortune Magazine Archive,https://guides.lib.uconn.edu/fortune,,,,
UConn,Foundation Directory Online,https://guides.lib.uconn.edu/FoundaDirectory,,,,
UConn,Gale eBooks,https://guides.lib.uconn.edu/GaleVRL,,,,
UConn,Gale Literature,https://guides.lib.uconn.edu/LiterarySources,,,,
UConn,Gale Literature Criticism,https://guides.lib.uconn.edu/LitCriticism,,,,
UConn,Gale Literature Resource Center,https://guides.lib.uconn.edu/LitResourceCenter,,,,
UConn,Gale Primary Sources,https://guides.lib.uconn.edu/GalePrimary,,,,
UConn,Garland Encyclopedia of World Music Online,https://guides.lib.uconn.edu/worldmusic,,,,
UConn,Gartner Market Analysis,https://guides.lib.uconn.edu/gma,,,,
UConn,GeoRef,https://guides.lib.uconn.edu/GeoRef,,,,
UConn,GeoRef in Process,https://guides.lib.uconn.edu/GeoRefinProcess,,,,
UConn,GeoScienceWorld,https://guides.lib.uconn.edu/GSW,,,,
UConn,Global Press Archive,https://ezproxy.lib.uconn.edu/login?url=https://gpa.eastview.com/,,,,
UConn,Google Scholar,https://guides.lib.uconn.edu/GoogleScholar,,,,
UConn,GovInfo,https://guides.lib.uconn.edu/GPOFDsys,,,,
UConn,GreenFILE,https://guides.lib.uconn.edu/GreenFile,,,,
UConn,Grove Art Online,https://guides.lib.uconn.edu/OxfordArt,,,,
UConn,Handbook of Latin American Studies,https://guides.lib.uconn.edu/HLAMSWeb,,,,
UConn,HAPI (Hispanic American Periodicals Index),https://guides.lib.uconn.edu/HAPI,,,,
UConn,Hartford Courant (Proquest Historical Newspapers),https://guides.lib.uconn.edu/HartfordCourantHistorical,,,,
UConn,Hartford Courant,https://guides.lib.uconn.edu/HartfordCourant,,,,
UConn,HathiTrust Digital Library,https://guides.lib.uconn.edu/Hathi,,,,
UConn,HeinOnline,https://guides.lib.uconn.edu/heinonline,,,,
UConn,HerbMedPro,https://guides.lib.uconn.edu/HerbMed,,,,
UConn,Hispanic American Newspapers 1808-1980,https://guides.lib.uconn.edu/HispanicAmNewspapers,,,,
UConn,Historical Abstracts with Full Text,https://guides.lib.uconn.edu/HAwithFullText,,,,
UConn,Historical Newspapers from ProQuest,https://guides.lib.uconn.edu/histnewspapers,,,,
UConn,Historical Periodicals from ProQuest,https://guides.lib.uconn.edu/ProQuestHistPeriodicals,,,,
UConn,Historical Statistics of the United States,https://guides.lib.uconn.edu/HSofUS,,,,
UConn,Homeland Security Digital Library,https://guides.lib.uconn.edu/HomelandSecDigLib,,,,
UConn,Human Rights Studies Online,https://guides.lib.uconn.edu/humanrightsstudiesonline,,,,
UConn,IBISWorld,https://guides.lib.uconn.edu/ibisworld,,,,
UConn,ICLR Law Reports,https://guides.lib.uconn.edu/ICLRLawReports,,,,
UConn,IEEE Xplore,https://guides.lib.uconn.edu/ieee,,,,
UConn,IGI Global,https://guides.lib.uconn.edu/igiglobal,,,,
UConn,Illustrated London News,https://guides.lib.uconn.edu/LondoNews,,,,
UConn,Images from the History of Medicine (IHM),https://guides.lib.uconn.edu/IHM,,,,
UConn,"Immigration: Records of the INS, 1880-1930",https://guides.lib.uconn.edu/INSrecords,,,,
UConn,InCites: Essential Science Indicators,https://guides.lib.uconn.edu/ESI,,,,
UConn,Independent Voices,https://guides.lib.uconn.edu/independentvoices,,,,
UConn,Indigenous Newspapers in North America,https://guides.lib.uconn.edu/americanindiannewspapers,,,,
UConn,Indigenous Peoples of North America,https://guides.lib.uconn.edu/IPNA,,,,
UConn,Ingenta Connect,https://guides.lib.uconn.edu/ingenta,,,,
UConn,Inspec,https://guides.lib.uconn.edu/inspec,,,,
UConn,International Encyclopedia of Social & Behavioral Sciences,https://guides.lib.uconn.edu/IESBS,,,,
UConn,International Financial Statistics,https://guides.lib.uconn.edu/ifs,,,,
UConn,International Medieval Bibliography,https://guides.lib.uconn.edu/IMB,,,,
UConn,International Pharmaceutical Abstracts,https://guides.lib.uconn.edu/ipa,,,,
UConn,Internet Archive eBooks and Texts Archive,https://guides.lib.uconn.edu/IAebookstext,,,,
UConn,IOP Journals,https://guides.lib.uconn.edu/IOPJA,,,,
UConn,IPA Source,https://guides.lib.uconn.edu/ipasource,,,,
UConn,Issues & Controversies,https://guides.lib.uconn.edu/IC,,,,
UConn,Iter: Gateway to the Middle Ages & Renaissance,https://guides.lib.uconn.edu/iter,,,,
UConn,Jewish Studies Source,https://guides.lib.uconn.edu/JSS,,,,
UConn,Journal Citation Reports (JCR),https://guides.lib.uconn.edu/JCR,,,,
UConn,Journals@OVID,https://guides.lib.uconn.edu/OvidNursing,,,,
UConn,Kanopy Streaming Video,https://guides.lib.uconn.edu/kanopy,,,,
UConn,Key Business Ratios,https://guides.lib.uconn.edu/KeyBusiness,,,,
UConn,Kirk-Othmer Encyclopedia of Chemical Technology,https://guides.lib.uconn.edu/EncyChemTechnology,,,,
UConn,Knovel,https://guides.lib.uconn.edu/Knovel,,,,
UConn,Latin American Newspapers,https://guides.lib.uconn.edu/WNALatAm,,,,
UConn,Latin American Newsstream,https://guides.lib.uconn.edu/LatAmNewstand,,,,
UConn,Latinx Thought & Culture: the NPR Archive 1979-1990,https://ezproxy.lib.uconn.edu/login?url=https://www.proquest.com/latx/advanced,,,,
UConn,Legal Information Source,https://guides.lib.uconn.edu/LegalInformationSource,,,,
UConn,Legal Source,https://guides.lib.uconn.edu/LegalSource,,,,
UConn,LegalTrac,https://guides.lib.uconn.edu/legaltrac,,,,
UConn,Legislative Insight by ProQuest,https://guides.lib.uconn.edu/leginsight,,,,
UConn,LGBT Magazine Archive,https://ezproxy.lib.uconn.edu/login?url=https://www.proquest.com/lgbtmashell?accountid=14518,,,,
UConn,LGBTQ+ Source,https://guides.lib.uconn.edu/LGBT_EBSCO,,,,
UConn,Liberty Magazine,https://guides.lib.uconn.edu/libertymag,,,,
UConn,"Library, Information Science & Technology Abstracts",https://guides.lib.uconn.edu/LISTA,,,,
UConn,"Lily, The",https://guides.lib.uconn.edu/lily,,,,
UConn,Linguistics and Language Behavior Abstracts (LLBA),https://guides.lib.uconn.edu/LLBA,,,,
UConn,Loeb Classical Library,https://guides.lib.uconn.edu/loeb,,,,
UConn,Los Angeles Times (Proquest Historical Newspapers),https://guides.lib.uconn.edu/LATimes,,,,
UConn,LSEG Workspace for Students,https://guides.lib.uconn.edu/Workspace,,,,
UConn,Magill OnLiterature Plus,https://guides.lib.uconn.edu/magill,,,,
UConn,"Making of Modern Law: Foreign, Comparative, and International Law",https://guides.lib.uconn.edu/foreignlaw,,,,
UConn,Making of Modern Law: Landmark Records from the US Court of Appeals,https://ezproxy.lib.uconn.edu/login?url=https://infotrac.gale.com/itweb/nellco_uconn?db=MMLR,,,,
UConn,Making of Modern Law: Legal Treatises,https://guides.lib.uconn.edu/MMLegalTreaties,,,,
UConn,Making of Modern Law: Primary Sources,https://guides.lib.uconn.edu/MMPrimarySources,,,,
UConn,Making of Modern Law: Trials,https://guides.lib.uconn.edu/trialsmoml,,,,
UConn,Making of Modern Law: U.S. Supreme Court Records and Briefs,https://guides.lib.uconn.edu/ussupremecourt,,,,
UConn,Making of the Modern World,https://guides.lib.uconn.edu/MMWG-K,,,,
UConn,Manuscript Women's Letters and Diaries,https://guides.lib.uconn.edu/WomenLettersandDiaries,,,,
UConn,Map and Geographic Information Center,https://guides.lib.uconn.edu/MAGIC,,,,
UConn,MasterFILE Premier,https://guides.lib.uconn.edu/MasterFile,,,,
UConn,MathSciNet (American Mathematical Society),https://guides.lib.uconn.edu/MathSciNet,,,,
UConn,MathSciNet (EBSCO),https://guides.lib.uconn.edu/MathSciEBSCOet,,,,
UConn,Medline (EBSCO),https://guides.lib.uconn.edu/medline,,,,
UConn,Medline (OVID),https://ezproxy.lib.uconn.edu/login?url=https://ovidsp.ovid.com/ovidweb.cgi?T=JS&NEWS=n&CSC=Y&PAGE=main&D=mesz,,,,
UConn,Medline (Web of Science),https://guides.lib.uconn.edu/MedineWoS,,,,
UConn,MedlinePlus,https://guides.lib.uconn.edu/MedlinePlus,,,,
UConn,Medscape,https://guides.lib.uconn.edu/medscape,,,,
UConn,Mental Measurements Yearbook with Tests in Print,https://guides.lib.uconn.edu/MMYBT,,,,
UConn,Merative Micromedex,https://guides.lib.uconn.edu/micromedex,,,,
UConn,Mergent Archives by FTSE Russell,https://guides.lib.uconn.edu/MergentArchives,,,,
UConn,Mergent Online,https://guides.lib.uconn.edu/MergenOnline,,,,
UConn,Mergent Online: Investext,https://guides.lib.uconn.edu/MergentInvestext,,,,
UConn,Meteorological & Geoastrophysical Abstracts,https://guides.lib.uconn.edu/MeteorGeoastrophysical,,,,
UConn,Middle English Compendium,https://guides.lib.uconn.edu/MEC,,,,
UConn,Mintel Reports,https://guides.lib.uconn.edu/MintelReports,,,,
UConn,Mirror Historical Archive,https://guides.lib.uconn.edu/Mirror,,,,
UConn,MIT Encyclopedia of the Cognitive Sciences,https://guides.lib.uconn.edu/MITEncyCognitive,,,,
UConn,MLA Directory of Periodicals,https://guides.lib.uconn.edu/MLADP,,,,
UConn,MLA International Bibliography,https://guides.lib.uconn.edu/MLAnBibliography,,,,
UConn,"Monde, Le",https://guides.lib.uconn.edu/lemonde,,,,
UConn,Monthly Bulletin of Statistics Online,https://guides.lib.uconn.edu/MBStats,,,,
UConn,Music Index,https://guides.lib.uconn.edu/MIO,,,,
UConn,Music Online: Opera in Video,https://guides.lib.uconn.edu/operainvideo,,,,
UConn,NAACP Papers,https://guides.lib.uconn.edu/naacp,,,,
UConn,"Nation Archive, The",https://guides.lib.uconn.edu/NationArchive,,,,
UConn,National Academies Press,https://guides.lib.uconn.edu/NAPress,,,,
UConn,National Citizen and Ballot Box,https://guides.lib.uconn.edu/citizenandballot,,,,
UConn,National Geographic Magazine Digital Archive 1888-2020,https://guides.lib.uconn.edu/ngm,,,,
UConn,National Geologic Map Database,https://guides.lib.uconn.edu/ngmd,,,,
UConn,National Theatre Collection,https://guides.lib.uconn.edu/NatTheatre,,,,
UConn,NatMed Pro (formerly Natural Medicines),https://guides.lib.uconn.edu/Nmedice,,,,
UConn,Nature,https://guides.lib.uconn.edu/NPG,,,,
UConn,Naxos Music Library,https://guides.lib.uconn.edu/NaxosMusic,,,,
UConn,NBER Working Papers,https://guides.lib.uconn.edu/nber,,,,
UConn,NetAdvantage,https://guides.lib.uconn.edu/StandardandPoor,,,,
UConn,New Dictionary of the History of Ideas,https://guides.lib.uconn.edu/DictionaryoftheHistoryofIdeas,,,,
UConn,New Pauly: Encyclopedia of the Ancient World,https://guides.lib.uconn.edu/NewPauly,,,,
UConn,New York Amsterdam News,https://guides.lib.uconn.edu/NYAmsterdam,,,,
UConn,New York Times (Proquest Historical Newspapers),https://guides.lib.uconn.edu/NYTimesHist,,,,
UConn,New York Times,https://guides.lib.uconn.edu/NYTimes,,,,
UConn,Newspaper Source Plus,https://guides.lib.uconn.edu/NewspaperSourcePlus,,,,
UConn,Newspapers through ProQuest,https://guides.lib.uconn.edu/NewsProQuest,,,,
UConn,Nexis Uni,https://guides.lib.uconn.edu/NexisUni,,,,
UConn,Nichols Collection Newspapers,https://guides.lib.uconn.edu/nicholscoll,,,,
UConn,NIFA Enterprise Search (National Institute of Food & Agriculture),https://guides.lib.uconn.edu/CRIS,,,,
UConn,"Nineteenth Century UK Periodicals, Part I",https://guides.lib.uconn.edu/UKPeriodicals,,,,
UConn,Nineteenth-Century British Pamphlets,https://guides.lib.uconn.edu/ncbpamphlets,,,,
UConn,NISO Standards,https://guides.lib.uconn.edu/NISOstandards,,,,
UConn,NOAA Fisheries,https://guides.lib.uconn.edu/noaafish,,,,
UConn,NOAA Institutional Repository,https://guides.lib.uconn.edu/noaa,,,,
UConn,NTRL (National Technical Information Services),https://guides.lib.uconn.edu/ntis,,,,
UConn,O'Reilly for Higher Education,https://guides.lib.uconn.edu/safari,,,,
UConn,OAIster,https://guides.lib.uconn.edu/OAI,,,,
UConn,Oceanic Abstracts,https://guides.lib.uconn.edu/OceanicAbstracts,,,,
UConn,OECD iLibrary,https://guides.lib.uconn.edu/OECD,,,,
UConn,Office of Dietary Supplements Health Information,https://guides.lib.uconn.edu/ODietSuppleHealthInfo,,,,
UConn,OMIM: Online Mendelian Inheritance in Man,https://guides.lib.uconn.edu/OMIM,,,,
UConn,OMMID : Online Metabolic and Molecular Bases of Inherited Disease,https://guides.lib.uconn.edu/OMMBID,,,,
UConn,Open Library,https://guides.lib.uconn.edu/openlibrary,,,,
UConn,Opera del Vocabolario Italiano,https://guides.lib.uconn.edu/OperaOVocabolario,,,,
UConn,Optica,https://guides.lib.uconn.edu/OIinfoBase,,,,
UConn,Organic Syntheses,https://guides.lib.uconn.edu/OrganicSyntheses,,,,
UConn,Ovid eBooks,https://guides.lib.uconn.edu/Ovidonlinebooks,,,,
UConn,Oxford Academic,https://guides.lib.uconn.edu/OxfordAcad,,,,
UConn,Oxford Bibliographies - Anthropology,https://guides.lib.uconn.edu/OxfordAnthro,,,,
UConn,Oxford Bibliographies - Biblical Studies,https://guides.lib.uconn.edu/OBOBiblical,,,,
UConn,Oxford Bibliographies - Classics,https://ezproxy.lib.uconn.edu/login?url=https://www.oxfordbibliographies.com/browse?module_0=obo-9780195389661,,,,
UConn,Oxford Bibliographies - International Relations,https://ezproxy.lib.uconn.edu/login?url=https://www.oxfordbibliographies.com/browse?module_0=obo-9780199743292,,,,
UConn,Oxford Bibliographies - Latin American Studies,https://guides.lib.uconn.edu/latinambiblio,,,,
UConn,Oxford Bibliographies - Medieval Studies,https://guides.lib.uconn.edu/oxfordmedieval,,,,
UConn,Oxford Bibliographies - Music,https://ezproxy.lib.uconn.edu/login?url=https://www.oxfordbibliographies.com/browse?module_0=obo-9780199757824,,,,
UConn,Oxford Bibliographies - Philosophy,https://guides.lib.uconn.edu/oxfordbibphilosophy,,,,
UConn,Oxford Bibliographies - Renaissance and Reformation,https://ezproxy.lib.uconn.edu/login?url=https://www.oxfordbibliographies.com/browse?module_0=obo-9780195399301,,,,
UConn,Oxford Bibliographies - Sociology,https://ezproxy.lib.uconn.edu/login?url=https://www.oxfordbibliographies.com/browse?module_0=obo-9780199756384,,,,
UConn,Oxford Dictionary of National Biography,https://guides.lib.uconn.edu/OxfordDicNatBio,,,,
UConn,Oxford English Dictionary (OED),https://guides.lib.uconn.edu/oed,,,,
UConn,Oxford Handbooks Online,https://guides.lib.uconn.edu/OxfordHandbooks,,,,
UConn,Oxford Music Online,https://guides.lib.uconn.edu/OxfordMusic,,,,
UConn,Oxford Reference,https://guides.lib.uconn.edu/oxfordref,,,,
UConn,Oxford Scholarship Online,https://guides.lib.uconn.edu/OxfordScholarship,,,,
UConn,Patrologia Latina,https://guides.lib.uconn.edu/patrologia,,,,
UConn,PBS Video Collection,https://guides.lib.uconn.edu/pbsvideo,,,,
UConn,PEDro: The Physiotherapy Evidence Database,https://guides.lib.uconn.edu/PEDro,,,,
UConn,Pennsylvania Gazette,https://guides.lib.uconn.edu/penngazette,,,,
UConn,Periodical Archive Online,https://ezproxy.lib.uconn.edu/login?url=https://www.proquest.com/pao/advanced?accountid=14518,,,,
UConn,Philosopher's Index,https://guides.lib.uconn.edu/PhilosophersIndex,,,,
UConn,PhilPapers: Philosophical Research Online,https://guides.lib.uconn.edu/PhilPapers,,,,
UConn,Physical Review Online Archive,https://guides.lib.uconn.edu/prola,,,,
UConn,Pivot-RP,https://guides.lib.uconn.edu/pivot,,,,
UConn,Political Science Complete,https://guides.lib.uconn.edu/poliscicom,,,,
UConn,"Popular Culture in Britain and America, 1950-1975",https://guides.lib.uconn.edu/popculture,,,,
UConn,Preqin Pro,https://guides.lib.uconn.edu/preqin,,,,
UConn,Professional Development Collection,https://guides.lib.uconn.edu/professional,,,,
UConn,Project Euclid,https://guides.lib.uconn.edu/projecteuclid,,,,
UConn,Project Gutenberg,https://guides.lib.uconn.edu/projectgutenburg,,,,
UConn,Project MUSE,https://guides.lib.uconn.edu/ProjMuse,,,,
UConn,ProQuest Congressional,https://guides.lib.uconn.edu/congresspubs,,,,
UConn,ProQuest Dissertations & Theses Global,https://guides.lib.uconn.edu/DissertationsTheses,,,,
UConn,ProQuest Historical Newspapers,https://guides.lib.uconn.edu/ProQHistNews,,,,
UConn,PsycArticles,https://guides.lib.uconn.edu/PsycARTICLES,,,,
UConn,Psychiatry Online,https://guides.lib.uconn.edu/psychiatry,,,,
UConn,Psychology and Behavioral Sciences Collection,https://guides.lib.uconn.edu/PsyandBehSC,,,,
UConn,Psychotherapy.net,https://guides.lib.uconn.edu/psychotherapy,,,,
UConn,PsycInfo (APA PsycInfo),https://guides.lib.uconn.edu/psycinfo,,,,
UConn,PTSDpubs,https://guides.lib.uconn.edu/pilots,,,,
UConn,PubChem,https://guides.lib.uconn.edu/PubChem,,,,
UConn,Public Affairs Index,https://guides.lib.uconn.edu/PAI,,,,
UConn,PubMed,https://guides.lib.uconn.edu/PubMed,,,,
UConn,R2 Digital Library,https://guides.lib.uconn.edu/r2digitallib,,,,
UConn,Race Relations in America,https://guides.lib.uconn.edu/RRAmerica,,,,
UConn,Reader's Guide Retrospective: 1890-1982,https://guides.lib.uconn.edu/rgr,,,,
UConn,Readex,https://guides.lib.uconn.edu/readexallsearch,,,,
UConn,Reaxys,https://guides.lib.uconn.edu/reaxys,,,,
UConn,Recent Researches in Music Online,https://guides.lib.uconn.edu/rrimo,,,,
UConn,Referencia Latina,https://guides.lib.uconn.edu/ReferenciaLatina,,,,
UConn,Regulatory Insight,https://guides.lib.uconn.edu/RegulatoryInsight,,,,
UConn,REHABDATA,https://guides.lib.uconn.edu/CIRRIE,,,,
UConn,Religion and Philosophy Collection,https://guides.lib.uconn.edu/religion,,,,
UConn,ResearchIT CT,https://guides.lib.uconn.edu/ResearchIt,,,,
UConn,Revolution and Protest Online,https://guides.lib.uconn.edu/revolutionprotest,,,,
UConn,Rhizome,https://guides.lib.uconn.edu/rhizome,,,,
UConn,RIA Checkpoint (full access),https://guides.lib.uconn.edu/RIA,,,,
UConn,RIA Checkpoint (Registration link),https://guides.lib.uconn.edu/RIARegistration,,,,
UConn,RIdIM (Répertoire International d'Iconographie Musicale),https://db.ridim.org/search.php,,,,
UConn,RILM Abstracts of Music Literature,https://guides.lib.uconn.edu/RILM,,,,
UConn,RIPM with Full Text,https://guides.lib.uconn.edu/ripm,,,,
UConn,RISM (Répertoire International des Sources Musicales),https://rism.info/index.html,,,,
UConn,RMA eStatement Studies,https://guides.lib.uconn.edu/rma,,,,
UConn,Royal Shakespeare Company Collection,https://guides.lib.uconn.edu/royalshakespearecompany,,,,
UConn,S&P Capital IQ,https://guides.lib.uconn.edu/ciq,,,,
UConn,SAGE Business Cases,https://guides.lib.uconn.edu/sagebusiness,,,,
UConn,Sage Knowledge,https://guides.lib.uconn.edu/sage,,,,
UConn,Science Direct e-books,https://guides.lib.uconn.edu/Elsevierbooks,,,,
UConn,ScienceDirect,https://guides.lib.uconn.edu/sd,,,,
UConn,ScienceDirect Reference Works,https://guides.lib.uconn.edu/sciencedirectrefworks,,,,
UConn,SciFinder - Registration for First-Time Users,https://guides.lib.uconn.edu/SciFinderRegistration,,,,
UConn,SciFinder-n,https://guides.lib.uconn.edu/SciFinder,,,,
UConn,Scitation,https://guides.lib.uconn.edu/scitation,,,,
UConn,Scopus,https://guides.lib.uconn.edu/scopus,,,,
UConn,SDC Platinum,https://guides.lib.uconn.edu/sdc,,,,
UConn,Sefaria,https://guides.lib.uconn.edu/sefaria,,,,
UConn,Sixties: Primary Documents and Personal Narratives 1960-1974,https://guides.lib.uconn.edu/sixties,,,,
UConn,Slavery and Anti-Slavery,https://guides.lib.uconn.edu/SlaveryAntislavery,,,,
UConn,"Slavery, Abolition, and Social Justice",https://guides.lib.uconn.edu/slaveryasj,,,,
UConn,Social Work Abstracts,https://guides.lib.uconn.edu/SWorkAbs,,,,
UConn,SocINDEX with Full Text,https://guides.lib.uconn.edu/socindex,,,,
UConn,SPORTDiscus,https://guides.lib.uconn.edu/sportdiscus,,,,
UConn,Sports Market Analytics,https://guides.lib.uconn.edu/SBRnet,,,,
UConn,Springer Nature Link,https://guides.lib.uconn.edu/SpringLink,,,,
UConn,Springer Nature Link E-books,https://guides.lib.uconn.edu/springerebooks,,,,
UConn,State Papers Online: Early Modern Government in Britain and Europe,https://guides.lib.uconn.edu/statepapers,,,,
UConn,Statista,https://guides.lib.uconn.edu/statista,,,,
UConn,Struggles for Freedom in Southern Africa,https://guides.lib.uconn.edu/Aluka,,,,
UConn,Student Activism,https://guides.lib.uconn.edu/studentact,,,,
UConn,Supreme Court Insight,https://guides.lib.uconn.edu/supremecourt,,,,
UConn,Swank Digital Campus,https://guides.lib.uconn.edu/swank,,,,
UConn,Symptom Media,https://guides.lib.uconn.edu/symptommedia,,,,
UConn,TAIR - The Arabidopsis Information Resource,https://guides.lib.uconn.edu/tair,,,,
UConn,Taylor and Francis Online,https://guides.lib.uconn.edu/TFOnline,,,,
UConn,Teacher Reference Center,https://guides.lib.uconn.edu/TRC,,,,
UConn,Teatro Español del Siglo de Oro,https://guides.lib.uconn.edu/teatro,,,,
UConn,Theatre and Drama Premium,https://guides.lib.uconn.edu/theatrepremium,,,,
UConn,Theatre in Video,https://guides.lib.uconn.edu/theatreinvideo,,,,
UConn,Theologische Realenzyklopädie Online,https://guides.lib.uconn.edu/TRE,,,,
UConn,ThermoDex,https://guides.lib.uconn.edu/ThermoDex,,,,
UConn,Thieme Connect,https://guides.lib.uconn.edu/ThiemeConnect,,,,
UConn,ThomasNET,https://guides.lib.uconn.edu/thomasnet,,,,
UConn,Times Digital Archive 1785-2019,https://guides.lib.uconn.edu/londontimes,,,,
UConn,Times Literary Supplement,https://guides.lib.uconn.edu/TLS,,,,
UConn,Times of India,https://guides.lib.uconn.edu/TimesofIndia,,,,
UConn,Turfgrass Information File (TGIF),https://guides.lib.uconn.edu/TGIF,,,,
UConn,Twentieth Century Drama,https://guides.lib.uconn.edu/americandrama,,,,
UConn,U.S. Congressional Serial Set,https://guides.lib.uconn.edu/USCongressserialset,,,,
UConn,UConn Theses and Dissertations,http://hdl.handle.net/11134/20002:UConnTheses,,,,
UConn,Ulrichsweb: Global Serials Directory,https://guides.lib.uconn.edu/ulrich,,,,
UConn,UNdata,https://guides.lib.uconn.edu/Undata,,,,
UConn,UNESDOC Digital Library,https://guides.lib.uconn.edu/UNESCO,,,,
UConn,United States Pharmacopeia and the National Formulary (USP-NF),https://online.uspnf.com/uspnf,,,,
UConn,United States Relations and Policies in Southeast Asia 1944-1958: Records of the Office of Southeast Asia Affairs,https://guides.lib.uconn.edu/USRelSouthestAsia,,,,
UConn,University Press Library Open,https://guides.lib.uconn.edu/UPLOpen,,,,
UConn,UptoDate Lexidrug,https://guides.lib.uconn.edu/Lexicomp,,,,
UConn,US Hispanic Newsstream,https://guides.lib.uconn.edu/hispanicNewstream,,,,
UConn,USA.gov,https://guides.lib.uconn.edu/usagov,,,,
UConn,VisualDx,https://guides.lib.uconn.edu/visualdx,,,,
UConn,Vogue Archive,https://guides.lib.uconn.edu/vogue,,,,
UConn,Wall Street Journal (Proquest Historical Newspapers),https://guides.lib.uconn.edu/WSJHist,,,,
UConn,Wall Street Journal,https://guides.lib.uconn.edu/WSJ,,,,
UConn,Washington Post (Proquest Historical Newspapers),https://guides.lib.uconn.edu/WashingtonHistorical,,,,
UConn,Wiley Online Library,https://guides.lib.uconn.edu/Wiley,,,,
UConn,"Women and Social Movements in the United States, 1600-2000",https://guides.lib.uconn.edu/women,,,,
UConn,Women: Transnational Networks,https://guides.lib.uconn.edu/WTN,,,,
UConn,Women's Magazine Archive,https://guides.lib.uconn.edu/womenscollection,,,,
UConn,Women's Studies Archive:  Issues and Identities,https://guides.lib.uconn.edu/womensissues,,,,
UConn,Women's Studies International,https://guides.lib.uconn.edu/WSInt,,,,
UConn,World Bank Open Data,https://guides.lib.uconn.edu/worldbankopendata,,,,
UConn,World Health Organization,https://guides.lib.uconn.edu/WHOSIS,,,,
UConn,World Newspaper Archive,https://guides.lib.uconn.edu/WNA,,,,
UConn,World Politics Review (EBSCO),https://guides.lib.uconn.edu/WPREBSCO,,,,
UConn,World Politics Review,https://guides.lib.uconn.edu/WPR,,,,
UConn,World Shakespeare Bibliography Online,https://guides.lib.uconn.edu/worldshakespearebib,,,,
UConn,WorldCat,https://guides.lib.uconn.edu/worldcatdiscovery,,,,
UConn,WRDS : Wharton Research Data Services,https://guides.lib.uconn.edu/WRDS,,,,
UConn,Wright American Fiction,https://guides.lib.uconn.edu/WrightAmFiction,,,,
UConn,WSJ.com,https://wsj.business.uconn.edu/,,,,